{
  "name": "Demo Live Shoe",
  "cards_remaining": 189,
  "current_count": 0,
  "penetration": 0.523291688953747,
  "prediction_confidence": 0.6504793788188467
}