{
  "name": "Demo Live Shoe",
  "cards_remaining": 188,
  "current_count": 8,
  "penetration": 0.40306614619872366,
  "prediction_confidence": 0.6070055849328353
}